node_num,node_name,node_type
1,ABL1,gene
2,ABL2,gene
3,ACAA1,gene
4,ACACA,gene
5,ACACB,gene
6,ACADL,gene
7,ACADM,gene
8,ACOX1,gene
9,ACOX2,gene
10,ACOX3,gene
11,ACSBG1,gene
12,ACSBG2,gene
13,ACSL1,gene
14,ACSL3,gene
15,ACSL5,gene
16,ACSL6,gene
17,ACTA2,gene
18,ACTB,gene
19,ACTG1,gene
20,ACVR1,gene
21,ACVR1B,gene
22,ACVR1C,gene
23,ACVR2A,gene
24,ACVR2B,gene
25,ADAM17,gene
26,ADCY1,gene
27,ADCY10,gene
28,ADCY2,gene
29,ADCY3,gene
30,ADCY4,gene
31,ADCY5,gene
32,ADCY6,gene
33,ADCY7,gene
34,ADCY8,gene
35,ADCY9,gene
36,ADCYAP1,gene
37,ADCYAP1R1,gene
38,ADGRB1,gene
39,ADIPOQ,gene
40,ADIPOR1,gene
41,ADIPOR2,gene
42,ADORA1,gene
43,ADORA2A,gene
44,ADORA2B,gene
45,ADORA3,gene
46,ADRA1A,gene
47,ADRA1B,gene
48,ADRA1D,gene
49,ADRA2A,gene
50,ADRA2B,gene
51,ADRA2C,gene
52,ADRB1,gene
53,ADRB2,gene
54,ADRB3,gene
55,AFDN,gene
56,AFP,gene
57,AGAP2,gene
58,AGER,gene
59,AGRP,gene
60,AGT,gene
61,AGTR1,gene
62,AIFM2,gene
63,AIM2,gene
64,AJUBA,gene
65,AKT1,gene
66,AKT1S1,gene
67,AKT2,gene
68,AKT3,gene
69,ALDOA,gene
70,ALDOB,gene
71,ALDOC,gene
72,AMH,gene
73,AMHR2,gene
74,ANAPC5,gene
75,ANGPT1,gene
76,ANGPT2,gene
77,ANGPT4,gene
78,ANGPTL4,gene
79,AOX1,gene
80,APAF1,gene
81,APBB1IP,gene
82,APC,gene
83,APC2,gene
84,APH1A,gene
85,APH1B,gene
86,APLNR,gene
87,APOA1,gene
88,APOA2,gene
89,APOA5,gene
90,APOC3,gene
91,AQP7,gene
92,ARAP3,gene
93,AREG,gene
94,ARF1,gene
95,ARF6,gene
96,ARHGDIA,gene
97,ARHGDIB,gene
98,ARHGDIG,gene
99,ARHGEF12,gene
100,ARNT,gene
101,ARRB1,gene
102,ARRB2,gene
103,ASPH,gene
104,ATF2,gene
105,ATF4,gene
106,ATF6B,gene
107,ATG12,gene
108,ATG16L1,gene
109,ATG5,gene
110,ATM,gene
111,ATP1A1,gene
112,ATP1A2,gene
113,ATP1A3,gene
114,ATP1A4,gene
115,ATP1B1,gene
116,ATP1B2,gene
117,ATP1B3,gene
118,ATP2A1,gene
119,ATP2A2,gene
120,ATP2A3,gene
121,ATP2B1,gene
122,ATP2B2,gene
123,ATP2B4,gene
124,ATP6V1A,gene
125,ATP6V1B1,gene
126,ATP6V1B2,gene
127,ATP6V1C1,gene
128,ATP6V1C2,gene
129,ATP6V1D,gene
130,ATP6V1E1,gene
131,ATP6V1E2,gene
132,ATP6V1F,gene
133,ATP6V1G1,gene
134,ATP6V1G2,gene
135,ATP6V1G3,gene
136,ATP6V1H,gene
137,ATR,gene
138,ATXN1,gene
139,ATXN1L,gene
140,AVP,gene
141,AVPR1A,gene
142,AVPR1B,gene
143,AXIN1,gene
144,AXIN2,gene
145,AZI2,gene
146,BAD,gene
147,BAG4,gene
148,BAMBI,gene
149,BAX,gene
150,BBC3,gene
151,BCAR1,gene
152,BCL10,gene
153,BCL2,gene
154,BCL2A1,gene
155,BCL2L1,gene
156,BCL2L11,gene
157,BCL3,gene
158,BCL6,gene
159,BDKRB1,gene
160,BDKRB2,gene
161,BDNF,gene
162,BECN1,gene
163,BID,gene
164,BIRC2,gene
165,BIRC3,gene
166,BIRC5,gene
167,BLNK,gene
168,BMP2,gene
169,BMP4,gene
170,BMP5,gene
171,BMP6,gene
172,BMP7,gene
173,BMP8A,gene
174,BMP8B,gene
175,BMPR1A,gene
176,BMPR1B,gene
177,BMPR2,gene
178,BNIP3,gene
179,BOC,gene
180,BORCS8-MEF2B,gene
181,BRAF,gene
182,BRAP,gene
183,BRCA1,gene
184,BTC,gene
185,BTRC,gene
186,CAB39,gene
187,CAB39L,gene
188,CACNA1C,gene
189,CACNA1D,gene
190,CACNA1S,gene
191,CACNA2D1,gene
192,CACNA2D2,gene
193,CACNA2D3,gene
194,CACNA2D4,gene
195,CACNB1,gene
196,CACNB2,gene
197,CACNB3,gene
198,CACNB4,gene
199,CACNG1,gene
200,CACNG2,gene
201,CACNG3,gene
202,CACNG4,gene
203,CACNG5,gene
204,CACNG6,gene
205,CACNG7,gene
206,CACNG8,gene
207,CACYBP,gene
208,CALM1,gene
209,CALM2,gene
210,CALM3,gene
211,CALML3,gene
212,CALML4,gene
213,CALML5,gene
214,CALML6,gene
215,CAMK1,gene
216,CAMK1D,gene
217,CAMK1G,gene
218,CAMK2A,gene
219,CAMK2B,gene
220,CAMK2D,gene
221,CAMK2G,gene
222,CAMK4,gene
223,CAMKK2,gene
224,CAMP,gene
225,CARD10,gene
226,CARD11,gene
227,CARD14,gene
228,CARD16,gene
229,CARD17,gene
230,CARD18,gene
231,CARD6,gene
232,CARD8,gene
233,CARD9,gene
234,CASP1,gene
235,CASP10,gene
236,CASP12,gene
237,CASP3,gene
238,CASP4,gene
239,CASP5,gene
240,CASP7,gene
241,CASP8,gene
242,CASP9,gene
243,CASQ1,gene
244,CASQ2,gene
245,CASR,gene
246,CASTOR1,gene
247,CASTOR2,gene
248,CAT,gene
249,CBL,gene
250,CBLB,gene
251,CCKAR,gene
252,CCKBR,gene
253,CCL1,gene
254,CCL11,gene
255,CCL13,gene
256,CCL14,gene
257,CCL15,gene
258,CCL16,gene
259,CCL17,gene
260,CCL18,gene
261,CCL19,gene
262,CCL2,gene
263,CCL20,gene
264,CCL21,gene
265,CCL22,gene
266,CCL23,gene
267,CCL24,gene
268,CCL25,gene
269,CCL26,gene
270,CCL27,gene
271,CCL28,gene
272,CCL3,gene
273,CCL3L1,gene
274,CCL3L3,gene
275,CCL4,gene
276,CCL4L1,gene
277,CCL4L2,gene
278,CCL5,gene
279,CCL7,gene
280,CCL8,gene
281,CCNA1,gene
282,CCNA2,gene
283,CCNB1,gene
284,CCNB2,gene
285,CCND1,gene
286,CCND2,gene
287,CCND3,gene
288,CCNE1,gene
289,CCNE2,gene
290,CCNG1,gene
291,CCNG2,gene
292,CCR1,gene
293,CCR10,gene
294,CCR2,gene
295,CCR3,gene
296,CCR4,gene
297,CCR5,gene
298,CCR6,gene
299,CCR7,gene
300,CCR8,gene
301,CCR9,gene
302,CD14,gene
303,CD19,gene
304,CD209,gene
305,CD22,gene
306,CD247,gene
307,CD28,gene
308,CD36,gene
309,CD38,gene
310,CD3E,gene
311,CD4,gene
312,CD40,gene
313,CD72,gene
314,CD79A,gene
315,CD79B,gene
316,CD80,gene
317,CD82,gene
318,CD86,gene
319,CD8A,gene
320,CD8B,gene
321,CDC25B,gene
322,CDC37,gene
323,CDC42,gene
324,CDH1,gene
325,CDK1,gene
326,CDK2,gene
327,CDK4,gene
328,CDK6,gene
329,CDKN1A,gene
330,CDKN1B,gene
331,CDKN2A,gene
332,CDKN2B,gene
333,CDKN2D,gene
334,CDON,gene
335,CEBPB,gene
336,CER1,gene
337,CFLAR,gene
338,CFTR,gene
339,CGA,gene
340,CHAD,gene
341,CHD8,gene
342,CHEK1,gene
343,CHEK2,gene
344,CHRD,gene
345,CHRM1,gene
346,CHRM2,gene
347,CHRM3,gene
348,CHRM5,gene
349,CHUK,gene
350,CIR1,gene
351,CISH,gene
352,CLEC1B,gene
353,CLEC4D,gene
354,CLEC4E,gene
355,CLEC4M,gene
356,CLEC6A,gene
357,CLEC7A,gene
358,CLIP1,gene
359,CNR1,gene
360,CNTF,gene
361,CNTFR,gene
362,COL1A1,gene
363,COL1A2,gene
364,COL2A1,gene
365,COL3A1,gene
366,COL4A1,gene
367,COL4A2,gene
368,COL4A3,gene
369,COL4A4,gene
370,COL6A1,gene
371,COL6A2,gene
372,COL6A3,gene
373,COL6A5,gene
374,COL6A6,gene
375,COL9A1,gene
376,COL9A2,gene
377,COL9A3,gene
378,COMP,gene
379,COP1,gene
380,CPT1A,gene
381,CPT1B,gene
382,CPT1C,gene
383,CPT2,gene
384,CREB1,gene
385,CREB3,gene
386,CREB3L1,gene
387,CREB3L2,gene
388,CREB3L3,gene
389,CREB3L4,gene
390,CREB5,gene
391,CREBBP,gene
392,CRK,gene
393,CRKL,gene
394,CRTC2,gene
395,CSF1,gene
396,CSF1R,gene
397,CSF2,gene
398,CSF2RB,gene
399,CSF3,gene
400,CSF3R,gene
401,CSH1,gene
402,CSH2,gene
403,CSN2,gene
404,CSNK1A1,gene
405,CSNK1A1L,gene
406,CSNK1D,gene
407,CSNK1E,gene
408,CSNK1G1,gene
409,CSNK1G2,gene
410,CSNK1G3,gene
411,CSNK2A1,gene
412,CSNK2A2,gene
413,CSNK2A3,gene
414,CSNK2B,gene
415,CTBP1,gene
416,CTBP2,gene
417,CTF1,gene
418,CTLA4,gene
419,CTNNA1,gene
420,CTNNA2,gene
421,CTNNA3,gene
422,CTNNB1,gene
423,CTNNBIP1,gene
424,CTNND1,gene
425,CTNND2,gene
426,CTSB,gene
427,CTSD,gene
428,CUL1,gene
429,CUL3,gene
430,CX3CL1,gene
431,CX3CR1,gene
432,CXCL1,gene
433,CXCL10,gene
434,CXCL11,gene
435,CXCL12,gene
436,CXCL13,gene
437,CXCL14,gene
438,CXCL16,gene
439,CXCL2,gene
440,CXCL3,gene
441,CXCL5,gene
442,CXCL6,gene
443,CXCL8,gene
444,CXCL9,gene
445,CXCR1,gene
446,CXCR2,gene
447,CXCR4,gene
448,CXCR5,gene
449,CXCR6,gene
450,CXXC4,gene
451,CYCS,gene
452,CYLD,gene
453,CYP17A1,gene
454,CYP27A1,gene
455,CYP7A1,gene
456,CYP8B1,gene
457,CYSLTR2,gene
458,CYTH1,gene
459,CYTH2,gene
460,CYTH3,gene
461,CYTH4,gene
462,DAAM1,gene
463,DAAM2,gene
464,DAB2IP,gene
465,DAPP1,gene
466,DAXX,gene
467,DBI,gene
468,DCHS1,gene
469,DCHS2,gene
470,DCN,gene
471,DDB2,gene
472,DDIT3,gene
473,DDIT4,gene
474,DDX58,gene
475,DEFB4A,gene
476,DEFB4B,gene
477,DEPDC5,gene
478,DEPTOR,gene
479,DHH,gene
480,DHX33,gene
481,DHX58,gene
482,DIAPH1,gene
483,DISP1,gene
484,DKK1,gene
485,DKK2,gene
486,DKK4,gene
487,DLG1,gene
488,DLG2,gene
489,DLG4,gene
490,DLG5,gene
491,DLL1,gene
492,DLL3,gene
493,DLL4,gene
494,DNM1L,gene
495,DOCK2,gene
496,DOCK4,gene
497,DRD1,gene
498,DRD2,gene
499,DRD5,gene
500,DTX1,gene
501,DTX2,gene
502,DTX3,gene
503,DTX3L,gene
504,DTX4,gene
505,DUSP1,gene
506,DUSP10,gene
507,DUSP16,gene
508,DUSP2,gene
509,DUSP3,gene
510,DUSP4,gene
511,DUSP5,gene
512,DUSP6,gene
513,DUSP7,gene
514,DUSP8,gene
515,DVL1,gene
516,DVL2,gene
517,DVL3,gene
518,E2F4,gene
519,E2F5,gene
520,EBAG9,gene
521,ECSIT,gene
522,EDAR,gene
523,EDARADD,gene
524,EDN1,gene
525,EDN2,gene
526,EDN3,gene
527,EDNRA,gene
528,EDNRB,gene
529,EEF2,gene
530,EEF2K,gene
531,EFCAB7,gene
532,EFNA1,gene
533,EFNA2,gene
534,EFNA3,gene
535,EFNA4,gene
536,EFNA5,gene
537,EGF,gene
538,EGFR,gene
539,EGLN1,gene
540,EGLN2,gene
541,EGLN3,gene
542,EGR1,gene
543,EGR2,gene
544,EGR3,gene
545,EHHADH,gene
546,EI24,gene
547,EIF4B,gene
548,EIF4E,gene
549,EIF4E1B,gene
550,EIF4E2,gene
551,EIF4EBP1,gene
552,ELAVL1,gene
553,ELF5,gene
554,ELK4,gene
555,ELMO1,gene
556,ELOB,gene
557,ELOC,gene
558,ENAH,gene
559,ENO1,gene
560,ENO2,gene
561,ENO3,gene
562,ENO4,gene
563,EP300,gene
564,EPHA2,gene
565,EPO,gene
566,EPOR,gene
567,ERBB2,gene
568,ERBB3,gene
569,ERBB4,gene
570,ERBIN,gene
571,EREG,gene
572,ESR1,gene
573,ESR2,gene
574,ESRRB,gene
575,ETS1,gene
576,ETS2,gene
577,EVC,gene
578,EVC2,gene
579,EVL,gene
580,EXOC2,gene
581,EXOC7,gene
582,F2,gene
583,F2R,gene
584,F2RL3,gene
585,F3,gene
586,FABP1,gene
587,FABP3,gene
588,FABP4,gene
589,FADD,gene
590,FADS2,gene
591,FARP2,gene
592,FAS,gene
593,FASLG,gene
594,FASN,gene
595,FAT4,gene
596,FBP1,gene
597,FBP2,gene
598,FBXO25,gene
599,FBXO32,gene
600,FBXW11,gene
601,FCER1A,gene
602,FCER1G,gene
603,FCGR2B,gene
604,FFAR2,gene
605,FGF1,gene
606,FGF10,gene
607,FGF17,gene
608,FGF18,gene
609,FGF19,gene
610,FGF2,gene
611,FGF20,gene
612,FGF21,gene
613,FGF22,gene
614,FGF23,gene
615,FGF3,gene
616,FGF4,gene
617,FGF5,gene
618,FGF6,gene
619,FGF7,gene
620,FGF8,gene
621,FGF9,gene
622,FGFR1,gene
623,FGFR2,gene
624,FGFR3,gene
625,FGFR4,gene
626,FGR,gene
627,FLCN,gene
628,FLNB,gene
629,FLNC,gene
630,FLOT1,gene
631,FLOT2,gene
632,FLT1,gene
633,FLT3,gene
634,FLT3LG,gene
635,FLT4,gene
636,FMOD,gene
637,FN1,gene
638,FNIP1,gene
639,FNIP2,gene
640,FOS,gene
641,FOSB,gene
642,FOSL1,gene
643,FOXO1,gene
644,FOXO3,gene
645,FPR1,gene
646,FRAT1,gene
647,FRAT2,gene
648,FRMD1,gene
649,FRMD6,gene
650,FRS2,gene
651,FSHB,gene
652,FSHR,gene
653,FST,gene
654,FXYD1,gene
655,FXYD2,gene
656,FYB1,gene
657,FYN,gene
658,FZD1,gene
659,FZD10,gene
660,FZD2,gene
661,FZD3,gene
662,FZD4,gene
663,FZD5,gene
664,FZD6,gene
665,FZD7,gene
666,FZD8,gene
667,FZD9,gene
668,G6PC2,gene
669,G6PC3,gene
670,GAB1,gene
671,GAB2,gene
672,GABARAP,gene
673,GABARAPL1,gene
674,GABARAPL2,gene
675,GABBR1,gene
676,GABBR2,gene
677,GADD45A,gene
678,GADD45B,gene
679,GADD45G,gene
680,GALT,gene
681,GAPDH,gene
682,GAS1,gene
683,GATA4,gene
684,GCG,gene
685,GCGR,gene
686,GCK,gene
687,GDF5,gene
688,GDF6,gene
689,GDF7,gene
690,GDNF,gene
691,GFAP,gene
692,GH1,gene
693,GH2,gene
694,GHR,gene
695,GHRL,gene
696,GHSR,gene
697,GIP,gene
698,GIPR,gene
699,GK2,gene
700,GLI1,gene
701,GLI2,gene
702,GLI3,gene
703,GLP1R,gene
704,GNA11,gene
705,GNA12,gene
706,GNA13,gene
707,GNA14,gene
708,GNA15,gene
709,GNAI1,gene
710,GNAI2,gene
711,GNAI3,gene
712,GNAL,gene
713,GNAO1,gene
714,GNAQ,gene
715,GNAS,gene
716,GNB1,gene
717,GNB2,gene
718,GNB3,gene
719,GNB4,gene
720,GNB5,gene
721,GNG10,gene
722,GNG11,gene
723,GNG12,gene
724,GNG13,gene
725,GNG2,gene
726,GNG3,gene
727,GNG4,gene
728,GNG5,gene
729,GNG7,gene
730,GNG8,gene
731,GNGT1,gene
732,GNGT2,gene
733,GNRH1,gene
734,GNRH2,gene
735,GNRHR,gene
736,GPER1,gene
737,GPR161,gene
738,GPRC6A,gene
739,GRAP2,gene
740,GRB10,gene
741,GRB2,gene
742,GREM1,gene
743,GREM2,gene
744,GRIA1,gene
745,GRIA2,gene
746,GRIA4,gene
747,GRIN1,gene
748,GRIN2A,gene
749,GRIN2B,gene
750,GRIN2C,gene
751,GRIN2D,gene
752,GRIN3A,gene
753,GRIN3B,gene
754,GRK1,gene
755,GRK2,gene
756,GRK3,gene
757,GRK4,gene
758,GRK5,gene
759,GRK6,gene
760,GRK7,gene
761,GRM1,gene
762,GRM2,gene
763,GRM3,gene
764,GRM4,gene
765,GRM5,gene
766,GRM6,gene
767,GRM7,gene
768,GRM8,gene
769,GSDMD,gene
770,GSK3A,gene
771,GSK3B,gene
772,GTF2I,gene
773,GTF2IRD1,gene
774,GTSE1,gene
775,GYS1,gene
776,GYS2,gene
777,HAMP,gene
778,HBEGF,gene
779,HCAR1,gene
780,HCAR2,gene
781,HCAR3,gene
782,HCK,gene
783,HDAC1,gene
784,HDAC2,gene
785,HDAC3,gene
786,HDAC4,gene
787,HDAC5,gene
788,HES1,gene
789,HES5,gene
790,HEY1,gene
791,HEY2,gene
792,HEYL,gene
793,HGF,gene
794,HHAT,gene
795,HHATL,gene
796,HHIP,gene
797,HIF1A,gene
798,HJV,gene
799,HK1,gene
800,HK2,gene
801,HK3,gene
802,HKDC1,gene
803,HMGCR,gene
804,HMGCS1,gene
805,HMGCS2,gene
806,HMOX1,gene
807,HNF4A,gene
808,HOMER1,gene
809,HOMER2,gene
810,HOMER3,gene
811,HRAS,gene
812,HRC,gene
813,HRH1,gene
814,HRH2,gene
815,HSP90AA1,gene
816,HSP90AB1,gene
817,HSP90B1,gene
818,HSPA1A,gene
819,HSPA1B,gene
820,HSPA1L,gene
821,HSPA2,gene
822,HSPA6,gene
823,HSPA8,gene
824,HSPB1,gene
825,HTR1A,gene
826,HTR1B,gene
827,HTR1D,gene
828,HTR1E,gene
829,HTR1F,gene
830,HTR2A,gene
831,HTR2B,gene
832,HTR4,gene
833,HTR5A,gene
834,HTR6,gene
835,HTR7,gene
836,IBSP,gene
837,ICAM1,gene
838,ICOS,gene
839,ID1,gene
840,ID2,gene
841,ID3,gene
842,ID4,gene
843,IFI16,gene
844,IFIH1,gene
845,IFNA1,gene
846,IFNA10,gene
847,IFNA13,gene
848,IFNA14,gene
849,IFNA16,gene
850,IFNA17,gene
851,IFNA2,gene
852,IFNA21,gene
853,IFNA4,gene
854,IFNA5,gene
855,IFNA6,gene
856,IFNA7,gene
857,IFNA8,gene
858,IFNAR1,gene
859,IFNAR2,gene
860,IFNB1,gene
861,IFNE,gene
862,IFNG,gene
863,IFNGR1,gene
864,IFNGR2,gene
865,IFNK,gene
866,IFNL1,gene
867,IFNL2,gene
868,IFNL3,gene
869,IFNLR1,gene
870,IFNW1,gene
871,IGF1,gene
872,IGF1R,gene
873,IGF2,gene
874,IGFBP3,gene
875,IHH,gene
876,IKBKB,gene
877,IKBKE,gene
878,IL10,gene
879,IL10RA,gene
880,IL10RB,gene
881,IL11,gene
882,IL11RA,gene
883,IL12A,gene
884,IL12B,gene
885,IL12RB1,gene
886,IL12RB2,gene
887,IL13,gene
888,IL15,gene
889,IL15RA,gene
890,IL17A,gene
891,IL17B,gene
892,IL17C,gene
893,IL17D,gene
894,IL17F,gene
895,IL17RA,gene
896,IL17RB,gene
897,IL17RC,gene
898,IL17RE,gene
899,IL18,gene
900,IL19,gene
901,IL1A,gene
902,IL1B,gene
903,IL1R1,gene
904,IL1RAP,gene
905,IL2,gene
906,IL20,gene
907,IL20RA,gene
908,IL20RB,gene
909,IL21,gene
910,IL21R,gene
911,IL22,gene
912,IL22RA1,gene
913,IL22RA2,gene
914,IL23A,gene
915,IL23R,gene
916,IL24,gene
917,IL25,gene
918,IL27RA,gene
919,IL2RA,gene
920,IL2RB,gene
921,IL3,gene
922,IL4,gene
923,IL4R,gene
924,IL5,gene
925,IL5RA,gene
926,IL6,gene
927,IL6R,gene
928,IL6ST,gene
929,IL7,gene
930,IL7R,gene
931,IL9,gene
932,ILK,gene
933,INHBA,gene
934,INHBB,gene
935,INHBC,gene
936,INHBE,gene
937,INPP5D,gene
938,INPPL1,gene
939,INS,gene
940,INSL3,gene
941,INSL5,gene
942,INSR,gene
943,INVS,gene
944,IQCE,gene
945,IRAK2,gene
946,IRAK3,gene
947,IRAK4,gene
948,IRF1,gene
949,IRF3,gene
950,IRF5,gene
951,IRF7,gene
952,IRF9,gene
953,IRS1,gene
954,IRS2,gene
955,ISG15,gene
956,ITCH,gene
957,ITGA1,gene
958,ITGA10,gene
959,ITGA11,gene
960,ITGA2,gene
961,ITGA2B,gene
962,ITGA3,gene
963,ITGA4,gene
964,ITGA5,gene
965,ITGA6,gene
966,ITGA7,gene
967,ITGA8,gene
968,ITGA9,gene
969,ITGAL,gene
970,ITGAM,gene
971,ITGAV,gene
972,ITGB1,gene
973,ITGB2,gene
974,ITGB3,gene
975,ITGB4,gene
976,ITGB5,gene
977,ITGB6,gene
978,ITGB7,gene
979,ITGB8,gene
980,ITK,gene
981,ITPR1,gene
982,ITPR2,gene
983,ITPR3,gene
984,JAG1,gene
985,JAG2,gene
986,JAK1,gene
987,JAK2,gene
988,JAK3,gene
989,JMJD7-PLA2G4B,gene
990,JUN,gene
991,JUND,gene
992,KAT2A,gene
993,KAT2B,gene
994,KCNJ12,gene
995,KCNJ14,gene
996,KCNJ18,gene
997,KCNJ2,gene
998,KCNJ3,gene
999,KCNJ4,gene
1000,KCNJ5,gene
1001,KCNJ6,gene
1002,KCNJ8,gene
1003,KCNJ9,gene
1004,KCNMA1,gene
1005,KCNMB1,gene
1006,KCNMB2,gene
1007,KCNMB3,gene
1008,KCNMB4,gene
1009,KCNU1,gene
1010,KDR,gene
1011,KIDINS220,gene
1012,KIF3A,gene
1013,KIF7,gene
1014,KIT,gene
1015,KITLG,gene
1016,KLF2,gene
1017,KLF4,gene
1018,KNG1,gene
1019,KRAS,gene
1020,KRIT1,gene
1021,KRT10,gene
1022,KRT12,gene
1023,KRT13,gene
1024,KRT14,gene
1025,KRT15,gene
1026,KRT16,gene
1027,KRT17,gene
1028,KRT18,gene
1029,KRT19,gene
1030,KRT20,gene
1031,KRT23,gene
1032,KRT24,gene
1033,KRT25,gene
1034,KRT26,gene
1035,KRT27,gene
1036,KRT28,gene
1037,KRT31,gene
1038,KRT32,gene
1039,KRT33A,gene
1040,KRT33B,gene
1041,KRT34,gene
1042,KRT35,gene
1043,KRT36,gene
1044,KRT37,gene
1045,KRT38,gene
1046,KRT39,gene
1047,KRT40,gene
1048,KRT9,gene
1049,KSR1,gene
1050,KSR2,gene
1051,LAMA1,gene
1052,LAMA2,gene
1053,LAMA3,gene
1054,LAMA4,gene
1055,LAMA5,gene
1056,LAMB1,gene
1057,LAMB2,gene
1058,LAMB3,gene
1059,LAMB4,gene
1060,LAMC1,gene
1061,LAMC2,gene
1062,LAMC3,gene
1063,LAMTOR1,gene
1064,LAMTOR2,gene
1065,LAMTOR3,gene
1066,LAMTOR4,gene
1067,LAMTOR5,gene
1068,LAT,gene
1069,LATS1,gene
1070,LATS2,gene
1071,LCK,gene
1072,LCN2,gene
1073,LCP2,gene
1074,LDHA,gene
1075,LDHAL6A,gene
1076,LDHAL6B,gene
1077,LDHB,gene
1078,LDHC,gene
1079,LEF1,gene
1080,LEFTY1,gene
1081,LEFTY2,gene
1082,LEP,gene
1083,LEPR,gene
1084,LFNG,gene
1085,LGR4,gene
1086,LGR5,gene
1087,LGR6,gene
1088,LHB,gene
1089,LHCGR,gene
1090,LIF,gene
1091,LIFR,gene
1092,LILRA1,gene
1093,LILRA2,gene
1094,LILRA3,gene
1095,LILRA4,gene
1096,LILRA5,gene
1097,LILRA6,gene
1098,LILRB1,gene
1099,LILRB2,gene
1100,LILRB3,gene
1101,LILRB4,gene
1102,LILRB5,gene
1103,LIMD1,gene
1104,LIPE,gene
1105,LLGL1,gene
1106,LLGL2,gene
1107,LPAR1,gene
1108,LPAR2,gene
1109,LPAR3,gene
1110,LPAR5,gene
1111,LPAR6,gene
1112,LPIN1,gene
1113,LPIN2,gene
1114,LPIN3,gene
1115,LPL,gene
1116,LRP2,gene
1117,LRP5,gene
1118,LRP6,gene
1119,LSP1,gene
1120,LTA,gene
1121,LTB,gene
1122,LTB4R2,gene
1123,LTBP1,gene
1124,LTBR,gene
1125,LY96,gene
1126,LYN,gene
1127,MAGI1,gene
1128,MAGI2,gene
1129,MAGI3,gene
1130,MALT1,gene
1131,MAML1,gene
1132,MAML2,gene
1133,MAML3,gene
1134,MAP2K1,gene
1135,MAP2K2,gene
1136,MAP2K3,gene
1137,MAP2K4,gene
1138,MAP2K5,gene
1139,MAP2K6,gene
1140,MAP2K7,gene
1141,MAP3K1,gene
1142,MAP3K11,gene
1143,MAP3K12,gene
1144,MAP3K13,gene
1145,MAP3K14,gene
1146,MAP3K2,gene
1147,MAP3K20,gene
1148,MAP3K3,gene
1149,MAP3K4,gene
1150,MAP3K5,gene
1151,MAP3K6,gene
1152,MAP3K7,gene
1153,MAP3K8,gene
1154,MAP4K1,gene
1155,MAP4K2,gene
1156,MAP4K3,gene
1157,MAP4K4,gene
1158,MAPK1,gene
1159,MAPK10,gene
1160,MAPK11,gene
1161,MAPK12,gene
1162,MAPK13,gene
1163,MAPK14,gene
1164,MAPK15,gene
1165,MAPK3,gene
1166,MAPK4,gene
1167,MAPK6,gene
1168,MAPK7,gene
1169,MAPK8,gene
1170,MAPK8IP1,gene
1171,MAPK8IP2,gene
1172,MAPK8IP3,gene
1173,MAPK9,gene
1174,MAPKAP1,gene
1175,MAPKAPK2,gene
1176,MAPKAPK3,gene
1177,MAPKAPK5,gene
1178,MAPT,gene
1179,MATK,gene
1180,MAVS,gene
1181,MAX,gene
1182,MC2R,gene
1183,MCL1,gene
1184,MDM2,gene
1185,MDM4,gene
1186,ME1,gene
1187,ME3,gene
1188,MECOM,gene
1189,MED1,gene
1190,MED12L,gene
1191,MED13,gene
1192,MED13L,gene
1193,MED16,gene
1194,MED17,gene
1195,MED24,gene
1196,MED27,gene
1197,MED30,gene
1198,MED4,gene
1199,MEF2A,gene
1200,MEF2B,gene
1201,MEF2C,gene
1202,MEF2D,gene
1203,MEFV,gene
1204,MEGF8,gene
1205,MET,gene
1206,MFN1,gene
1207,MFN2,gene
1208,MFNG,gene
1209,MGRN1,gene
1210,MIOS,gene
1211,MKNK1,gene
1212,MKNK2,gene
1213,MLKL,gene
1214,MLST8,gene
1215,MLYCD,gene
1216,MMP1,gene
1217,MMP13,gene
1218,MMP14,gene
1219,MMP2,gene
1220,MMP3,gene
1221,MMP7,gene
1222,MMP9,gene
1223,MOB1A,gene
1224,MOB1B,gene
1225,MOSMO,gene
1226,MPL,gene
1227,MRAS,gene
1228,MS4A2,gene
1229,MST1,gene
1230,MST1R,gene
1231,MTOR,gene
1232,MUC5B,gene
1233,MYB,gene
1234,MYC,gene
1235,MYD88,gene
1236,MYH6,gene
1237,MYH7,gene
1238,MYL2,gene
1239,MYL3,gene
1240,MYL4,gene
1241,MYL6,gene
1242,MYL6B,gene
1243,MYL9,gene
1244,MYLK,gene
1245,MYLK2,gene
1246,MYLK3,gene
1247,MYLK4,gene
1248,NAIP,gene
1249,NANOG,gene
1250,NBL1,gene
1251,NCF1,gene
1252,NCK1,gene
1253,NCK2,gene
1254,NCOA1,gene
1255,NCOA2,gene
1256,NCOA3,gene
1257,NCOR1,gene
1258,NCOR2,gene
1259,NCSTN,gene
1260,NEK7,gene
1261,NEO1,gene
1262,NF1,gene
1263,NF2,gene
1264,NFATC1,gene
1265,NFATC2,gene
1266,NFATC3,gene
1267,NFATC4,gene
1268,NFKB1,gene
1269,NFKB2,gene
1270,NFKBIA,gene
1271,NFKBIB,gene
1272,NFKBIE,gene
1273,NGF,gene
1274,NGFR,gene
1275,NKD1,gene
1276,NKD2,gene
1277,NLK,gene
1278,NLRC4,gene
1279,NLRP1,gene
1280,NLRP12,gene
1281,NLRP3,gene
1282,NLRP6,gene
1283,NLRP7,gene
1284,NLRX1,gene
1285,NOD1,gene
1286,NOD2,gene
1287,NODAL,gene
1288,NOG,gene
1289,NOS1,gene
1290,NOS2,gene
1291,NOS3,gene
1292,NOTCH1,gene
1293,NOTCH2,gene
1294,NOTCH3,gene
1295,NOTCH4,gene
1296,NOTUM,gene
1297,NOX4,gene
1298,NPPA,gene
1299,NPPB,gene
1300,NPPC,gene
1301,NPR1,gene
1302,NPR2,gene
1303,NPRL2,gene
1304,NPRL3,gene
1305,NPY,gene
1306,NPY1R,gene
1307,NR1H3,gene
1308,NR4A1,gene
1309,NRAS,gene
1310,NRF1,gene
1311,NRG1,gene
1312,NRG2,gene
1313,NRG3,gene
1314,NRG4,gene
1315,NSMAF,gene
1316,NTF3,gene
1317,NTF4,gene
1318,NTRK1,gene
1319,NTRK2,gene
1320,NTRK3,gene
1321,NTSR1,gene
1322,NUMB,gene
1323,NUMBL,gene
1324,OLR1,gene
1325,OPRD1,gene
1326,OPRM1,gene
1327,ORAI1,gene
1328,ORAI2,gene
1329,ORAI3,gene
1330,OSM,gene
1331,OSMR,gene
1332,OXT,gene
1333,OXTR,gene
1334,P2RY1,gene
1335,PAK1,gene
1336,PAK2,gene
1337,PAK4,gene
1338,PAK5,gene
1339,PAK6,gene
1340,PARD3,gene
1341,PARD6A,gene
1342,PARD6B,gene
1343,PARD6G,gene
1344,PCK1,gene
1345,PCK2,gene
1346,PDCD1,gene
1347,PDE10A,gene
1348,PDE1A,gene
1349,PDE1B,gene
1350,PDE1C,gene
1351,PDE3A,gene
1352,PDE3B,gene
1353,PDE4A,gene
1354,PDE4B,gene
1355,PDE4C,gene
1356,PDE4D,gene
1357,PDGFA,gene
1358,PDGFB,gene
1359,PDGFC,gene
1360,PDGFD,gene
1361,PDGFRA,gene
1362,PDGFRB,gene
1363,PDHA2,gene
1364,PDHB,gene
1365,PDK1,gene
1366,PDPK1,gene
1367,PERP,gene
1368,PF4,gene
1369,PF4V1,gene
1370,PFKFB2,gene
1371,PFKFB3,gene
1372,PFKFB4,gene
1373,PFKL,gene
1374,PFKM,gene
1375,PFKP,gene
1376,PFN1,gene
1377,PFN2,gene
1378,PFN3,gene
1379,PFN4,gene
1380,PGAM5,gene
1381,PGF,gene
1382,PGK2,gene
1383,PGR,gene
1384,PHKB,gene
1385,PHKG1,gene
1386,PHKG2,gene
1387,PHLPP1,gene
1388,PHLPP2,gene
1389,PIAS1,gene
1390,PIAS2,gene
1391,PIAS3,gene
1392,PIAS4,gene
1393,PIDD1,gene
1394,PIK3AP1,gene
1395,PIK3C3,gene
1396,PIK3CA,gene
1397,PIK3CB,gene
1398,PIK3CD,gene
1399,PIK3CG,gene
1400,PIK3R1,gene
1401,PIK3R2,gene
1402,PIK3R3,gene
1403,PIK3R4,gene
1404,PIK3R5,gene
1405,PIK3R6,gene
1406,PIM1,gene
1407,PIN1,gene
1408,PITX2,gene
1409,PKLR,gene
1410,PKM,gene
1411,PKN1,gene
1412,PKN2,gene
1413,PKN3,gene
1414,PLA1A,gene
1415,PLA2G10,gene
1416,PLA2G12A,gene
1417,PLA2G12B,gene
1418,PLA2G1B,gene
1419,PLA2G2A,gene
1420,PLA2G2C,gene
1421,PLA2G2D,gene
1422,PLA2G2E,gene
1423,PLA2G2F,gene
1424,PLA2G3,gene
1425,PLA2G4A,gene
1426,PLA2G4B,gene
1427,PLA2G4C,gene
1428,PLA2G4D,gene
1429,PLA2G4E,gene
1430,PLA2G4F,gene
1431,PLA2G5,gene
1432,PLA2G6,gene
1433,PLAT,gene
1434,PLAU,gene
1435,PLCB1,gene
1436,PLCB2,gene
1437,PLCB3,gene
1438,PLCB4,gene
1439,PLCD1,gene
1440,PLCD3,gene
1441,PLCD4,gene
1442,PLCE1,gene
1443,PLCG1,gene
1444,PLCG2,gene
1445,PLCZ1,gene
1446,PLD1,gene
1447,PLD2,gene
1448,PLIN1,gene
1449,PLIN2,gene
1450,PLIN4,gene
1451,PLIN5,gene
1452,PLK1,gene
1453,PLK2,gene
1454,PLK3,gene
1455,PLK4,gene
1456,PLN,gene
1457,PLTP,gene
1458,PMAIP1,gene
1459,POMC,gene
1460,POU5F1,gene
1461,POU5F1B,gene
1462,PPARA,gene
1463,PPARD,gene
1464,PPARG,gene
1465,PPARGC1A,gene
1466,PPBP,gene
1467,PPIF,gene
1468,PPM1A,gene
1469,PPM1B,gene
1470,PPM1D,gene
1471,PPP1CA,gene
1472,PPP1CB,gene
1473,PPP1CC,gene
1474,PPP1R12A,gene
1475,PPP1R12B,gene
1476,PPP1R12C,gene
1477,PPP1R1B,gene
1478,PPP1R3A,gene
1479,PPP1R3B,gene
1480,PPP1R3C,gene
1481,PPP1R3D,gene
1482,PPP1R3E,gene
1483,PPP2CA,gene
1484,PPP2CB,gene
1485,PPP2R1A,gene
1486,PPP2R1B,gene
1487,PPP2R2A,gene
1488,PPP2R2B,gene
1489,PPP2R2C,gene
1490,PPP2R2D,gene
1491,PPP2R3A,gene
1492,PPP2R3C,gene
1493,PPP2R5A,gene
1494,PPP2R5B,gene
1495,PPP2R5C,gene
1496,PPP2R5D,gene
1497,PPP2R5E,gene
1498,PPP3CA,gene
1499,PPP3CB,gene
1500,PPP3CC,gene
1501,PPP3R1,gene
1502,PPP3R2,gene
1503,PPP4C,gene
1504,PPP4R3A,gene
1505,PPP4R3B,gene
1506,PPP5C,gene
1507,PRDM4,gene
1508,PREX1,gene
1509,PRICKLE1,gene
1510,PRICKLE2,gene
1511,PRICKLE4,gene
1512,PRKAA1,gene
1513,PRKAA2,gene
1514,PRKAB1,gene
1515,PRKAB2,gene
1516,PRKACA,gene
1517,PRKACB,gene
1518,PRKACG,gene
1519,PRKAG1,gene
1520,PRKAG2,gene
1521,PRKAG3,gene
1522,PRKAR1A,gene
1523,PRKAR1B,gene
1524,PRKAR2A,gene
1525,PRKAR2B,gene
1526,PRKCA,gene
1527,PRKCB,gene
1528,PRKCD,gene
1529,PRKCE,gene
1530,PRKCG,gene
1531,PRKCI,gene
1532,PRKCQ,gene
1533,PRKCZ,gene
1534,PRKD1,gene
1535,PRKD2,gene
1536,PRKD3,gene
1537,PRKG1,gene
1538,PRKG2,gene
1539,PRL,gene
1540,PRLR,gene
1541,PRMT1,gene
1542,PRR5,gene
1543,PSEN1,gene
1544,PSEN2,gene
1545,PSENEN,gene
1546,PSTPIP1,gene
1547,PTAFR,gene
1548,PTCH1,gene
1549,PTCH2,gene
1550,PTCRA,gene
1551,PTEN,gene
1552,PTGER1,gene
1553,PTGER2,gene
1554,PTGER3,gene
1555,PTGFR,gene
1556,PTGS2,gene
1557,PTK2,gene
1558,PTK2B,gene
1559,PTPN1,gene
1560,PTPN11,gene
1561,PTPN2,gene
1562,PTPN5,gene
1563,PTPN6,gene
1564,PTPN7,gene
1565,PTPRC,gene
1566,PTPRF,gene
1567,PTPRR,gene
1568,PXN,gene
1569,PYCARD,gene
1570,PYDC1,gene
1571,PYDC2,gene
1572,PYGB,gene
1573,PYGL,gene
1574,PYGM,gene
1575,RAB10,gene
1576,RAB11B,gene
1577,RAB14,gene
1578,RAB2A,gene
1579,RAB5A,gene
1580,RAB5B,gene
1581,RAB5C,gene
1582,RAB8A,gene
1583,RAC1,gene
1584,RAC2,gene
1585,RAC3,gene
1586,RAF1,gene
1587,RAG1,gene
1588,RAG2,gene
1589,RALA,gene
1590,RALB,gene
1591,RALBP1,gene
1592,RALGDS,gene
1593,RAP1A,gene
1594,RAP1B,gene
1595,RAP1GAP,gene
1596,RAPGEF1,gene
1597,RAPGEF2,gene
1598,RAPGEF3,gene
1599,RAPGEF4,gene
1600,RAPGEF5,gene
1601,RAPGEF6,gene
1602,RARA,gene
1603,RASA1,gene
1604,RASA2,gene
1605,RASA3,gene
1606,RASA4,gene
1607,RASAL1,gene
1608,RASAL2,gene
1609,RASAL3,gene
1610,RASGRF1,gene
1611,RASGRF2,gene
1612,RASGRP1,gene
1613,RASGRP2,gene
1614,RASGRP3,gene
1615,RASGRP4,gene
1616,RASSF1,gene
1617,RASSF2,gene
1618,RASSF4,gene
1619,RASSF5,gene
1620,RASSF6,gene
1621,RBCK1,gene
1622,RBL1,gene
1623,RBL2,gene
1624,RBPJ,gene
1625,RBPJL,gene
1626,RBX1,gene
1627,RCAN1,gene
1628,RCAN2,gene
1629,RCHY1,gene
1630,REL,gene
1631,RELA,gene
1632,RELB,gene
1633,RELN,gene
1634,RET,gene
1635,RFNG,gene
1636,RGL1,gene
1637,RGL2,gene
1638,RGMA,gene
1639,RGMB,gene
1640,RGS14,gene
1641,RGS2,gene
1642,RHEB,gene
1643,RHOA,gene
1644,RHOQ,gene
1645,RICTOR,gene
1646,RIN1,gene
1647,RIPK1,gene
1648,RIPK2,gene
1649,RIPK3,gene
1650,RLN1,gene
1651,RLN2,gene
1652,RLN3,gene
1653,RNASEL,gene
1654,RNF125,gene
1655,RNF152,gene
1656,RNF31,gene
1657,RNF43,gene
1658,ROCK1,gene
1659,ROCK2,gene
1660,ROR1,gene
1661,ROR2,gene
1662,RPRM,gene
1663,RPS6,gene
1664,RPS6KA1,gene
1665,RPS6KA2,gene
1666,RPS6KA4,gene
1667,RPS6KA5,gene
1668,RPS6KB1,gene
1669,RPS6KB2,gene
1670,RPTOR,gene
1671,RRAGA,gene
1672,RRAGC,gene
1673,RRAGD,gene
1674,RRAS,gene
1675,RRAS2,gene
1676,RRM2,gene
1677,RRM2B,gene
1678,RSPO1,gene
1679,RSPO2,gene
1680,RSPO3,gene
1681,RSPO4,gene
1682,RUVBL1,gene
1683,RXFP1,gene
1684,RXFP2,gene
1685,RXFP3,gene
1686,RXFP4,gene
1687,RXRA,gene
1688,RXRB,gene
1689,RXRG,gene
1690,RYK,gene
1691,RYR1,gene
1692,RYR2,gene
1693,RYR3,gene
1694,S100A7,gene
1695,S100A7A,gene
1696,S100A8,gene
1697,S100A9,gene
1698,S1PR1,gene
1699,S1PR2,gene
1700,S1PR3,gene
1701,S1PR4,gene
1702,S1PR5,gene
1703,SAV1,gene
1704,SCD,gene
1705,SCD5,gene
1706,SCP2,gene
1707,SCRIB,gene
1708,SEC13,gene
1709,SEH1L,gene
1710,SELE,gene
1711,SENP2,gene
1712,SERPINB5,gene
1713,SERPINE1,gene
1714,SERPINF1,gene
1715,SESN1,gene
1716,SESN2,gene
1717,SESN3,gene
1718,SETD7,gene
1719,SFN,gene
1720,SFRP1,gene
1721,SFRP2,gene
1722,SFRP4,gene
1723,SFRP5,gene
1724,SGK1,gene
1725,SGK2,gene
1726,SGK3,gene
1727,SH2B1,gene
1728,SH2B2,gene
1729,SH2B3,gene
1730,SH2D2A,gene
1731,SHARPIN,gene
1732,SHC1,gene
1733,SHC2,gene
1734,SHC3,gene
1735,SHC4,gene
1736,SHH,gene
1737,SHISA5,gene
1738,SHOC2,gene
1739,SIAH1,gene
1740,SIK1,gene
1741,SIK2,gene
1742,SIKE1,gene
1743,SIN3A,gene
1744,SIPA1,gene
1745,SIPA1L1,gene
1746,SIPA1L2,gene
1747,SIVA1,gene
1748,SKAP1,gene
1749,SKP1,gene
1750,SKP2,gene
1751,SLC25A31,gene
1752,SLC25A4,gene
1753,SLC27A1,gene
1754,SLC27A4,gene
1755,SLC2A1,gene
1756,SLC2A2,gene
1757,SLC2A4,gene
1758,SLC38A9,gene
1759,SLC3A2,gene
1760,SLC7A5,gene
1761,SLC8A1,gene
1762,SLC8A2,gene
1763,SLC8A3,gene
1764,SLC9A1,gene
1765,SMAD1,gene
1766,SMAD2,gene
1767,SMAD3,gene
1768,SMAD4,gene
1769,SMAD5,gene
1770,SMAD6,gene
1771,SMAD7,gene
1772,SMAD9,gene
1773,SMO,gene
1774,SMPD2,gene
1775,SMURF1,gene
1776,SMURF2,gene
1777,SNAI2,gene
1778,SNW1,gene
1779,SOCS1,gene
1780,SOCS2,gene
1781,SOCS3,gene
1782,SOCS4,gene
1783,SOCS5,gene
1784,SOCS6,gene
1785,SOCS7,gene
1786,SOD2,gene
1787,SORBS1,gene
1788,SORT1,gene
1789,SOS1,gene
1790,SOS2,gene
1791,SOST,gene
1792,SOX17,gene
1793,SOX2,gene
1794,SOX9,gene
1795,SP1,gene
1796,SPHK1,gene
1797,SPHK2,gene
1798,SPOP,gene
1799,SPOPL,gene
1800,SPP1,gene
1801,SRC,gene
1802,SREBF1,gene
1803,SRF,gene
1804,SRSF1,gene
1805,SST,gene
1806,SSTR1,gene
1807,SSTR2,gene
1808,SSTR5,gene
1809,STAM,gene
1810,STAM2,gene
1811,STAT1,gene
1812,STAT2,gene
1813,STAT3,gene
1814,STAT4,gene
1815,STAT5A,gene
1816,STAT5B,gene
1817,STAT6,gene
1818,STEAP3,gene
1819,STIM1,gene
1820,STIM2,gene
1821,STK11,gene
1822,STK3,gene
1823,STK4,gene
1824,STMN1,gene
1825,STRADA,gene
1826,STRADB,gene
1827,SUCNR1,gene
1828,SUFU,gene
1829,SUGT1,gene
1830,SYK,gene
1831,SYNGAP1,gene
1832,TAB1,gene
1833,TAB2,gene
1834,TACR1,gene
1835,TACR2,gene
1836,TACR3,gene
1837,TANK,gene
1838,TAOK1,gene
1839,TAOK2,gene
1840,TAOK3,gene
1841,TBC1D1,gene
1842,TBC1D4,gene
1843,TBC1D7,gene
1844,TBK1,gene
1845,TBKBP1,gene
1846,TBL1XR1,gene
1847,TBX3,gene
1848,TBXA2R,gene
1849,TCF3,gene
1850,TCF7,gene
1851,TCF7L1,gene
1852,TCF7L2,gene
1853,TCL1A,gene
1854,TCL1B,gene
1855,TEAD1,gene
1856,TEAD2,gene
1857,TEAD3,gene
1858,TEAD4,gene
1859,TEC,gene
1860,TEK,gene
1861,TELO2,gene
1862,TF,gene
1863,TFAM,gene
1864,TFDP1,gene
1865,TFF1,gene
1866,TFRC,gene
1867,TGFA,gene
1868,TGFB1,gene
1869,TGFB2,gene
1870,TGFB3,gene
1871,TGFBR1,gene
1872,TGFBR2,gene
1873,TGIF1,gene
1874,TGIF2,gene
1875,TH,gene
1876,THBD,gene
1877,THBS1,gene
1878,THBS2,gene
1879,THBS3,gene
1880,THBS4,gene
1881,THEM4,gene
1882,THPO,gene
1883,THRA,gene
1884,THRB,gene
1885,TIAM1,gene
1886,TICAM1,gene
1887,TICAM2,gene
1888,TIRAP,gene
1889,TKFC,gene
1890,TLE1,gene
1891,TLE2,gene
1892,TLE3,gene
1893,TLE4,gene
1894,TLE6,gene
1895,TLN1,gene
1896,TLN2,gene
1897,TLR1,gene
1898,TLR2,gene
1899,TLR3,gene
1900,TLR4,gene
1901,TLR5,gene
1902,TLR6,gene
1903,TLR9,gene
1904,TNC,gene
1905,TNF,gene
1906,TNFAIP3,gene
1907,TNFRSF10A,gene
1908,TNFRSF10B,gene
1909,TNFRSF11A,gene
1910,TNFRSF13C,gene
1911,TNFRSF1A,gene
1912,TNFRSF1B,gene
1913,TNFSF10,gene
1914,TNFSF11,gene
1915,TNFSF13B,gene
1916,TNFSF14,gene
1917,TNN,gene
1918,TNNI3,gene
1919,TNR,gene
1920,TNXB,gene
1921,TOLLIP,gene
1922,TP53,gene
1923,TP53AIP1,gene
1924,TP53BP1,gene
1925,TP53BP2,gene
1926,TP53I3,gene
1927,TP73,gene
1928,TRADD,gene
1929,TRAF1,gene
1930,TRAF2,gene
1931,TRAF3,gene
1932,TRAF3IP2,gene
1933,TRAF4,gene
1934,TRAF5,gene
1935,TRAF6,gene
1936,TRDN,gene
1937,TRHR,gene
1938,TRIM25,gene
1939,TRIP10,gene
1940,TRIP6,gene
1941,TRPC6,gene
1942,TSC1,gene
1943,TSC2,gene
1944,TSHB,gene
1945,TSHR,gene
1946,TSLP,gene
1947,TTI1,gene
1948,TXN,gene
1949,TXN2,gene
1950,TXNIP,gene
1951,TYK2,gene
1952,UBC,gene
1953,UCP1,gene
1954,ULK1,gene
1955,ULK2,gene
1956,USP25,gene
1957,USP7,gene
1958,VANGL1,gene
1959,VANGL2,gene
1960,VASP,gene
1961,VAV1,gene
1962,VAV2,gene
1963,VAV3,gene
1964,VCAM1,gene
1965,VDAC1,gene
1966,VDAC2,gene
1967,VDAC3,gene
1968,VEGFA,gene
1969,VEGFB,gene
1970,VEGFC,gene
1971,VHL,gene
1972,VIP,gene
1973,VIPR2,gene
1974,VTN,gene
1975,VWF,gene
1976,WDR24,gene
1977,WDR59,gene
1978,WIF1,gene
1979,WNT1,gene
1980,WNT10A,gene
1981,WNT10B,gene
1982,WNT11,gene
1983,WNT16,gene
1984,WNT2,gene
1985,WNT2B,gene
1986,WNT3,gene
1987,WNT3A,gene
1988,WNT4,gene
1989,WNT5A,gene
1990,WNT5B,gene
1991,WNT6,gene
1992,WNT7A,gene
1993,WNT7B,gene
1994,WNT8A,gene
1995,WNT8B,gene
1996,WNT9A,gene
1997,WNT9B,gene
1998,WTIP,gene
1999,WWC1,gene
2000,WWTR1,gene
2001,XCL1,gene
2002,XCL2,gene
2003,XCR1,gene
2004,YAP1,gene
2005,YWHAB,gene
2006,YWHAE,gene
2007,YWHAG,gene
2008,YWHAH,gene
2009,YWHAQ,gene
2010,YWHAZ,gene
2011,ZAP70,gene
2012,ZFYVE16,gene
2013,ZFYVE9,gene
2014,ZMAT3,gene
2015,ZNF274,gene
2016,ZNRF3,gene
2017,Celecoxib,drug
2018,Cladribine,drug
2019,Dasatinib,drug
2020,Docetaxel,drug
2021,Everolimus,drug
2022,Fulvestrant,drug
2023,Gefitinib,drug
2024,Lenalidomide,drug
2025,Megestrol acetate,drug
2026,Mitotane,drug
2027,Nilotinib,drug
2028,Paclitaxel,drug
2029,Romidepsin,drug
2030,Sirolimus,drug
2031,Streptozocin,drug
2032,Thalidomide,drug
2033,Tretinoin,drug
2034,Vorinostat,drug
