kegg_gene,gene_num
ABL1,1
ABL2,2
ACAA1,3
ACACA,4
ACACB,5
ACADL,6
ACADM,7
ACOX1,8
ACOX2,9
ACOX3,10
ACSBG1,11
ACSBG2,12
ACSL1,13
ACSL3,14
ACSL5,15
ACSL6,16
ACTA2,17
ACTB,18
ACTG1,19
ACVR1,20
ACVR1B,21
ACVR1C,22
ACVR2A,23
ACVR2B,24
ADAM17,25
ADCY1,26
ADCY10,27
ADCY2,28
ADCY3,29
ADCY4,30
ADCY5,31
ADCY6,32
ADCY7,33
ADCY8,34
ADCY9,35
ADCYAP1,36
ADCYAP1R1,37
ADGRB1,38
ADIPOQ,39
ADIPOR1,40
ADIPOR2,41
ADORA1,42
ADORA2A,43
ADORA2B,44
ADORA3,45
ADRA1A,46
ADRA1B,47
ADRA1D,48
ADRA2A,49
ADRA2B,50
ADRA2C,51
ADRB1,52
ADRB2,53
ADRB3,54
AFDN,55
AFP,56
AGAP2,57
AGER,58
AGRP,59
AGT,60
AGTR1,61
AIFM2,62
AIM2,63
AJUBA,64
AKT1,65
AKT1S1,66
AKT2,67
AKT3,68
ALDOA,69
ALDOB,70
ALDOC,71
AMH,72
AMHR2,73
ANAPC5,74
ANGPT1,75
ANGPT2,76
ANGPT4,77
ANGPTL4,78
AOX1,79
APAF1,80
APBB1IP,81
APC,82
APC2,83
APH1A,84
APH1B,85
APLNR,86
APOA1,87
APOA2,88
APOA5,89
APOC3,90
AQP7,91
ARAP3,92
AREG,93
ARF1,94
ARF6,95
ARHGDIA,96
ARHGDIB,97
ARHGDIG,98
ARHGEF12,99
ARNT,100
ARRB1,101
ARRB2,102
ASPH,103
ATF2,104
ATF4,105
ATF6B,106
ATG12,107
ATG16L1,108
ATG5,109
ATM,110
ATP1A1,111
ATP1A2,112
ATP1A3,113
ATP1A4,114
ATP1B1,115
ATP1B2,116
ATP1B3,117
ATP2A1,118
ATP2A2,119
ATP2A3,120
ATP2B1,121
ATP2B2,122
ATP2B4,123
ATP6V1A,124
ATP6V1B1,125
ATP6V1B2,126
ATP6V1C1,127
ATP6V1C2,128
ATP6V1D,129
ATP6V1E1,130
ATP6V1E2,131
ATP6V1F,132
ATP6V1G1,133
ATP6V1G2,134
ATP6V1G3,135
ATP6V1H,136
ATR,137
ATXN1,138
ATXN1L,139
AVP,140
AVPR1A,141
AVPR1B,142
AXIN1,143
AXIN2,144
AZI2,145
BAD,146
BAG4,147
BAMBI,148
BAX,149
BBC3,150
BCAR1,151
BCL10,152
BCL2,153
BCL2A1,154
BCL2L1,155
BCL2L11,156
BCL3,157
BCL6,158
BDKRB1,159
BDKRB2,160
BDNF,161
BECN1,162
BID,163
BIRC2,164
BIRC3,165
BIRC5,166
BLNK,167
BMP2,168
BMP4,169
BMP5,170
BMP6,171
BMP7,172
BMP8A,173
BMP8B,174
BMPR1A,175
BMPR1B,176
BMPR2,177
BNIP3,178
BOC,179
BORCS8-MEF2B,180
BRAF,181
BRAP,182
BRCA1,183
BTC,184
BTRC,185
CAB39,186
CAB39L,187
CACNA1C,188
CACNA1D,189
CACNA1S,190
CACNA2D1,191
CACNA2D2,192
CACNA2D3,193
CACNA2D4,194
CACNB1,195
CACNB2,196
CACNB3,197
CACNB4,198
CACNG1,199
CACNG2,200
CACNG3,201
CACNG4,202
CACNG5,203
CACNG6,204
CACNG7,205
CACNG8,206
CACYBP,207
CALM1,208
CALM2,209
CALM3,210
CALML3,211
CALML4,212
CALML5,213
CALML6,214
CAMK1,215
CAMK1D,216
CAMK1G,217
CAMK2A,218
CAMK2B,219
CAMK2D,220
CAMK2G,221
CAMK4,222
CAMKK2,223
CAMP,224
CARD10,225
CARD11,226
CARD14,227
CARD16,228
CARD17,229
CARD18,230
CARD6,231
CARD8,232
CARD9,233
CASP1,234
CASP10,235
CASP12,236
CASP3,237
CASP4,238
CASP5,239
CASP7,240
CASP8,241
CASP9,242
CASQ1,243
CASQ2,244
CASR,245
CASTOR1,246
CASTOR2,247
CAT,248
CBL,249
CBLB,250
CCKAR,251
CCKBR,252
CCL1,253
CCL11,254
CCL13,255
CCL14,256
CCL15,257
CCL16,258
CCL17,259
CCL18,260
CCL19,261
CCL2,262
CCL20,263
CCL21,264
CCL22,265
CCL23,266
CCL24,267
CCL25,268
CCL26,269
CCL27,270
CCL28,271
CCL3,272
CCL3L1,273
CCL3L3,274
CCL4,275
CCL4L1,276
CCL4L2,277
CCL5,278
CCL7,279
CCL8,280
CCNA1,281
CCNA2,282
CCNB1,283
CCNB2,284
CCND1,285
CCND2,286
CCND3,287
CCNE1,288
CCNE2,289
CCNG1,290
CCNG2,291
CCR1,292
CCR10,293
CCR2,294
CCR3,295
CCR4,296
CCR5,297
CCR6,298
CCR7,299
CCR8,300
CCR9,301
CD14,302
CD19,303
CD209,304
CD22,305
CD247,306
CD28,307
CD36,308
CD38,309
CD3E,310
CD4,311
CD40,312
CD72,313
CD79A,314
CD79B,315
CD80,316
CD82,317
CD86,318
CD8A,319
CD8B,320
CDC25B,321
CDC37,322
CDC42,323
CDH1,324
CDK1,325
CDK2,326
CDK4,327
CDK6,328
CDKN1A,329
CDKN1B,330
CDKN2A,331
CDKN2B,332
CDKN2D,333
CDON,334
CEBPB,335
CER1,336
CFLAR,337
CFTR,338
CGA,339
CHAD,340
CHD8,341
CHEK1,342
CHEK2,343
CHRD,344
CHRM1,345
CHRM2,346
CHRM3,347
CHRM5,348
CHUK,349
CIR1,350
CISH,351
CLEC1B,352
CLEC4D,353
CLEC4E,354
CLEC4M,355
CLEC6A,356
CLEC7A,357
CLIP1,358
CNR1,359
CNTF,360
CNTFR,361
COL1A1,362
COL1A2,363
COL2A1,364
COL3A1,365
COL4A1,366
COL4A2,367
COL4A3,368
COL4A4,369
COL6A1,370
COL6A2,371
COL6A3,372
COL6A5,373
COL6A6,374
COL9A1,375
COL9A2,376
COL9A3,377
COMP,378
COP1,379
CPT1A,380
CPT1B,381
CPT1C,382
CPT2,383
CREB1,384
CREB3,385
CREB3L1,386
CREB3L2,387
CREB3L3,388
CREB3L4,389
CREB5,390
CREBBP,391
CRK,392
CRKL,393
CRTC2,394
CSF1,395
CSF1R,396
CSF2,397
CSF2RB,398
CSF3,399
CSF3R,400
CSH1,401
CSH2,402
CSN2,403
CSNK1A1,404
CSNK1A1L,405
CSNK1D,406
CSNK1E,407
CSNK1G1,408
CSNK1G2,409
CSNK1G3,410
CSNK2A1,411
CSNK2A2,412
CSNK2A3,413
CSNK2B,414
CTBP1,415
CTBP2,416
CTF1,417
CTLA4,418
CTNNA1,419
CTNNA2,420
CTNNA3,421
CTNNB1,422
CTNNBIP1,423
CTNND1,424
CTNND2,425
CTSB,426
CTSD,427
CUL1,428
CUL3,429
CX3CL1,430
CX3CR1,431
CXCL1,432
CXCL10,433
CXCL11,434
CXCL12,435
CXCL13,436
CXCL14,437
CXCL16,438
CXCL2,439
CXCL3,440
CXCL5,441
CXCL6,442
CXCL8,443
CXCL9,444
CXCR1,445
CXCR2,446
CXCR4,447
CXCR5,448
CXCR6,449
CXXC4,450
CYCS,451
CYLD,452
CYP17A1,453
CYP27A1,454
CYP7A1,455
CYP8B1,456
CYSLTR2,457
CYTH1,458
CYTH2,459
CYTH3,460
CYTH4,461
DAAM1,462
DAAM2,463
DAB2IP,464
DAPP1,465
DAXX,466
DBI,467
DCHS1,468
DCHS2,469
DCN,470
DDB2,471
DDIT3,472
DDIT4,473
DDX58,474
DEFB4A,475
DEFB4B,476
DEPDC5,477
DEPTOR,478
DHH,479
DHX33,480
DHX58,481
DIAPH1,482
DISP1,483
DKK1,484
DKK2,485
DKK4,486
DLG1,487
DLG2,488
DLG4,489
DLG5,490
DLL1,491
DLL3,492
DLL4,493
DNM1L,494
DOCK2,495
DOCK4,496
DRD1,497
DRD2,498
DRD5,499
DTX1,500
DTX2,501
DTX3,502
DTX3L,503
DTX4,504
DUSP1,505
DUSP10,506
DUSP16,507
DUSP2,508
DUSP3,509
DUSP4,510
DUSP5,511
DUSP6,512
DUSP7,513
DUSP8,514
DVL1,515
DVL2,516
DVL3,517
E2F4,518
E2F5,519
EBAG9,520
ECSIT,521
EDAR,522
EDARADD,523
EDN1,524
EDN2,525
EDN3,526
EDNRA,527
EDNRB,528
EEF2,529
EEF2K,530
EFCAB7,531
EFNA1,532
EFNA2,533
EFNA3,534
EFNA4,535
EFNA5,536
EGF,537
EGFR,538
EGLN1,539
EGLN2,540
EGLN3,541
EGR1,542
EGR2,543
EGR3,544
EHHADH,545
EI24,546
EIF4B,547
EIF4E,548
EIF4E1B,549
EIF4E2,550
EIF4EBP1,551
ELAVL1,552
ELF5,553
ELK4,554
ELMO1,555
ELOB,556
ELOC,557
ENAH,558
ENO1,559
ENO2,560
ENO3,561
ENO4,562
EP300,563
EPHA2,564
EPO,565
EPOR,566
ERBB2,567
ERBB3,568
ERBB4,569
ERBIN,570
EREG,571
ESR1,572
ESR2,573
ESRRB,574
ETS1,575
ETS2,576
EVC,577
EVC2,578
EVL,579
EXOC2,580
EXOC7,581
F2,582
F2R,583
F2RL3,584
F3,585
FABP1,586
FABP3,587
FABP4,588
FADD,589
FADS2,590
FARP2,591
FAS,592
FASLG,593
FASN,594
FAT4,595
FBP1,596
FBP2,597
FBXO25,598
FBXO32,599
FBXW11,600
FCER1A,601
FCER1G,602
FCGR2B,603
FFAR2,604
FGF1,605
FGF10,606
FGF17,607
FGF18,608
FGF19,609
FGF2,610
FGF20,611
FGF21,612
FGF22,613
FGF23,614
FGF3,615
FGF4,616
FGF5,617
FGF6,618
FGF7,619
FGF8,620
FGF9,621
FGFR1,622
FGFR2,623
FGFR3,624
FGFR4,625
FGR,626
FLCN,627
FLNB,628
FLNC,629
FLOT1,630
FLOT2,631
FLT1,632
FLT3,633
FLT3LG,634
FLT4,635
FMOD,636
FN1,637
FNIP1,638
FNIP2,639
FOS,640
FOSB,641
FOSL1,642
FOXO1,643
FOXO3,644
FPR1,645
FRAT1,646
FRAT2,647
FRMD1,648
FRMD6,649
FRS2,650
FSHB,651
FSHR,652
FST,653
FXYD1,654
FXYD2,655
FYB1,656
FYN,657
FZD1,658
FZD10,659
FZD2,660
FZD3,661
FZD4,662
FZD5,663
FZD6,664
FZD7,665
FZD8,666
FZD9,667
G6PC2,668
G6PC3,669
GAB1,670
GAB2,671
GABARAP,672
GABARAPL1,673
GABARAPL2,674
GABBR1,675
GABBR2,676
GADD45A,677
GADD45B,678
GADD45G,679
GALT,680
GAPDH,681
GAS1,682
GATA4,683
GCG,684
GCGR,685
GCK,686
GDF5,687
GDF6,688
GDF7,689
GDNF,690
GFAP,691
GH1,692
GH2,693
GHR,694
GHRL,695
GHSR,696
GIP,697
GIPR,698
GK2,699
GLI1,700
GLI2,701
GLI3,702
GLP1R,703
GNA11,704
GNA12,705
GNA13,706
GNA14,707
GNA15,708
GNAI1,709
GNAI2,710
GNAI3,711
GNAL,712
GNAO1,713
GNAQ,714
GNAS,715
GNB1,716
GNB2,717
GNB3,718
GNB4,719
GNB5,720
GNG10,721
GNG11,722
GNG12,723
GNG13,724
GNG2,725
GNG3,726
GNG4,727
GNG5,728
GNG7,729
GNG8,730
GNGT1,731
GNGT2,732
GNRH1,733
GNRH2,734
GNRHR,735
GPER1,736
GPR161,737
GPRC6A,738
GRAP2,739
GRB10,740
GRB2,741
GREM1,742
GREM2,743
GRIA1,744
GRIA2,745
GRIA4,746
GRIN1,747
GRIN2A,748
GRIN2B,749
GRIN2C,750
GRIN2D,751
GRIN3A,752
GRIN3B,753
GRK1,754
GRK2,755
GRK3,756
GRK4,757
GRK5,758
GRK6,759
GRK7,760
GRM1,761
GRM2,762
GRM3,763
GRM4,764
GRM5,765
GRM6,766
GRM7,767
GRM8,768
GSDMD,769
GSK3A,770
GSK3B,771
GTF2I,772
GTF2IRD1,773
GTSE1,774
GYS1,775
GYS2,776
HAMP,777
HBEGF,778
HCAR1,779
HCAR2,780
HCAR3,781
HCK,782
HDAC1,783
HDAC2,784
HDAC3,785
HDAC4,786
HDAC5,787
HES1,788
HES5,789
HEY1,790
HEY2,791
HEYL,792
HGF,793
HHAT,794
HHATL,795
HHIP,796
HIF1A,797
HJV,798
HK1,799
HK2,800
HK3,801
HKDC1,802
HMGCR,803
HMGCS1,804
HMGCS2,805
HMOX1,806
HNF4A,807
HOMER1,808
HOMER2,809
HOMER3,810
HRAS,811
HRC,812
HRH1,813
HRH2,814
HSP90AA1,815
HSP90AB1,816
HSP90B1,817
HSPA1A,818
HSPA1B,819
HSPA1L,820
HSPA2,821
HSPA6,822
HSPA8,823
HSPB1,824
HTR1A,825
HTR1B,826
HTR1D,827
HTR1E,828
HTR1F,829
HTR2A,830
HTR2B,831
HTR4,832
HTR5A,833
HTR6,834
HTR7,835
IBSP,836
ICAM1,837
ICOS,838
ID1,839
ID2,840
ID3,841
ID4,842
IFI16,843
IFIH1,844
IFNA1,845
IFNA10,846
IFNA13,847
IFNA14,848
IFNA16,849
IFNA17,850
IFNA2,851
IFNA21,852
IFNA4,853
IFNA5,854
IFNA6,855
IFNA7,856
IFNA8,857
IFNAR1,858
IFNAR2,859
IFNB1,860
IFNE,861
IFNG,862
IFNGR1,863
IFNGR2,864
IFNK,865
IFNL1,866
IFNL2,867
IFNL3,868
IFNLR1,869
IFNW1,870
IGF1,871
IGF1R,872
IGF2,873
IGFBP3,874
IHH,875
IKBKB,876
IKBKE,877
IL10,878
IL10RA,879
IL10RB,880
IL11,881
IL11RA,882
IL12A,883
IL12B,884
IL12RB1,885
IL12RB2,886
IL13,887
IL15,888
IL15RA,889
IL17A,890
IL17B,891
IL17C,892
IL17D,893
IL17F,894
IL17RA,895
IL17RB,896
IL17RC,897
IL17RE,898
IL18,899
IL19,900
IL1A,901
IL1B,902
IL1R1,903
IL1RAP,904
IL2,905
IL20,906
IL20RA,907
IL20RB,908
IL21,909
IL21R,910
IL22,911
IL22RA1,912
IL22RA2,913
IL23A,914
IL23R,915
IL24,916
IL25,917
IL27RA,918
IL2RA,919
IL2RB,920
IL3,921
IL4,922
IL4R,923
IL5,924
IL5RA,925
IL6,926
IL6R,927
IL6ST,928
IL7,929
IL7R,930
IL9,931
ILK,932
INHBA,933
INHBB,934
INHBC,935
INHBE,936
INPP5D,937
INPPL1,938
INS,939
INSL3,940
INSL5,941
INSR,942
INVS,943
IQCE,944
IRAK2,945
IRAK3,946
IRAK4,947
IRF1,948
IRF3,949
IRF5,950
IRF7,951
IRF9,952
IRS1,953
IRS2,954
ISG15,955
ITCH,956
ITGA1,957
ITGA10,958
ITGA11,959
ITGA2,960
ITGA2B,961
ITGA3,962
ITGA4,963
ITGA5,964
ITGA6,965
ITGA7,966
ITGA8,967
ITGA9,968
ITGAL,969
ITGAM,970
ITGAV,971
ITGB1,972
ITGB2,973
ITGB3,974
ITGB4,975
ITGB5,976
ITGB6,977
ITGB7,978
ITGB8,979
ITK,980
ITPR1,981
ITPR2,982
ITPR3,983
JAG1,984
JAG2,985
JAK1,986
JAK2,987
JAK3,988
JMJD7-PLA2G4B,989
JUN,990
JUND,991
KAT2A,992
KAT2B,993
KCNJ12,994
KCNJ14,995
KCNJ18,996
KCNJ2,997
KCNJ3,998
KCNJ4,999
KCNJ5,1000
KCNJ6,1001
KCNJ8,1002
KCNJ9,1003
KCNMA1,1004
KCNMB1,1005
KCNMB2,1006
KCNMB3,1007
KCNMB4,1008
KCNU1,1009
KDR,1010
KIDINS220,1011
KIF3A,1012
KIF7,1013
KIT,1014
KITLG,1015
KLF2,1016
KLF4,1017
KNG1,1018
KRAS,1019
KRIT1,1020
KRT10,1021
KRT12,1022
KRT13,1023
KRT14,1024
KRT15,1025
KRT16,1026
KRT17,1027
KRT18,1028
KRT19,1029
KRT20,1030
KRT23,1031
KRT24,1032
KRT25,1033
KRT26,1034
KRT27,1035
KRT28,1036
KRT31,1037
KRT32,1038
KRT33A,1039
KRT33B,1040
KRT34,1041
KRT35,1042
KRT36,1043
KRT37,1044
KRT38,1045
KRT39,1046
KRT40,1047
KRT9,1048
KSR1,1049
KSR2,1050
LAMA1,1051
LAMA2,1052
LAMA3,1053
LAMA4,1054
LAMA5,1055
LAMB1,1056
LAMB2,1057
LAMB3,1058
LAMB4,1059
LAMC1,1060
LAMC2,1061
LAMC3,1062
LAMTOR1,1063
LAMTOR2,1064
LAMTOR3,1065
LAMTOR4,1066
LAMTOR5,1067
LAT,1068
LATS1,1069
LATS2,1070
LCK,1071
LCN2,1072
LCP2,1073
LDHA,1074
LDHAL6A,1075
LDHAL6B,1076
LDHB,1077
LDHC,1078
LEF1,1079
LEFTY1,1080
LEFTY2,1081
LEP,1082
LEPR,1083
LFNG,1084
LGR4,1085
LGR5,1086
LGR6,1087
LHB,1088
LHCGR,1089
LIF,1090
LIFR,1091
LILRA1,1092
LILRA2,1093
LILRA3,1094
LILRA4,1095
LILRA5,1096
LILRA6,1097
LILRB1,1098
LILRB2,1099
LILRB3,1100
LILRB4,1101
LILRB5,1102
LIMD1,1103
LIPE,1104
LLGL1,1105
LLGL2,1106
LPAR1,1107
LPAR2,1108
LPAR3,1109
LPAR5,1110
LPAR6,1111
LPIN1,1112
LPIN2,1113
LPIN3,1114
LPL,1115
LRP2,1116
LRP5,1117
LRP6,1118
LSP1,1119
LTA,1120
LTB,1121
LTB4R2,1122
LTBP1,1123
LTBR,1124
LY96,1125
LYN,1126
MAGI1,1127
MAGI2,1128
MAGI3,1129
MALT1,1130
MAML1,1131
MAML2,1132
MAML3,1133
MAP2K1,1134
MAP2K2,1135
MAP2K3,1136
MAP2K4,1137
MAP2K5,1138
MAP2K6,1139
MAP2K7,1140
MAP3K1,1141
MAP3K11,1142
MAP3K12,1143
MAP3K13,1144
MAP3K14,1145
MAP3K2,1146
MAP3K20,1147
MAP3K3,1148
MAP3K4,1149
MAP3K5,1150
MAP3K6,1151
MAP3K7,1152
MAP3K8,1153
MAP4K1,1154
MAP4K2,1155
MAP4K3,1156
MAP4K4,1157
MAPK1,1158
MAPK10,1159
MAPK11,1160
MAPK12,1161
MAPK13,1162
MAPK14,1163
MAPK15,1164
MAPK3,1165
MAPK4,1166
MAPK6,1167
MAPK7,1168
MAPK8,1169
MAPK8IP1,1170
MAPK8IP2,1171
MAPK8IP3,1172
MAPK9,1173
MAPKAP1,1174
MAPKAPK2,1175
MAPKAPK3,1176
MAPKAPK5,1177
MAPT,1178
MATK,1179
MAVS,1180
MAX,1181
MC2R,1182
MCL1,1183
MDM2,1184
MDM4,1185
ME1,1186
ME3,1187
MECOM,1188
MED1,1189
MED12L,1190
MED13,1191
MED13L,1192
MED16,1193
MED17,1194
MED24,1195
MED27,1196
MED30,1197
MED4,1198
MEF2A,1199
MEF2B,1200
MEF2C,1201
MEF2D,1202
MEFV,1203
MEGF8,1204
MET,1205
MFN1,1206
MFN2,1207
MFNG,1208
MGRN1,1209
MIOS,1210
MKNK1,1211
MKNK2,1212
MLKL,1213
MLST8,1214
MLYCD,1215
MMP1,1216
MMP13,1217
MMP14,1218
MMP2,1219
MMP3,1220
MMP7,1221
MMP9,1222
MOB1A,1223
MOB1B,1224
MOSMO,1225
MPL,1226
MRAS,1227
MS4A2,1228
MST1,1229
MST1R,1230
MTOR,1231
MUC5B,1232
MYB,1233
MYC,1234
MYD88,1235
MYH6,1236
MYH7,1237
MYL2,1238
MYL3,1239
MYL4,1240
MYL6,1241
MYL6B,1242
MYL9,1243
MYLK,1244
MYLK2,1245
MYLK3,1246
MYLK4,1247
NAIP,1248
NANOG,1249
NBL1,1250
NCF1,1251
NCK1,1252
NCK2,1253
NCOA1,1254
NCOA2,1255
NCOA3,1256
NCOR1,1257
NCOR2,1258
NCSTN,1259
NEK7,1260
NEO1,1261
NF1,1262
NF2,1263
NFATC1,1264
NFATC2,1265
NFATC3,1266
NFATC4,1267
NFKB1,1268
NFKB2,1269
NFKBIA,1270
NFKBIB,1271
NFKBIE,1272
NGF,1273
NGFR,1274
NKD1,1275
NKD2,1276
NLK,1277
NLRC4,1278
NLRP1,1279
NLRP12,1280
NLRP3,1281
NLRP6,1282
NLRP7,1283
NLRX1,1284
NOD1,1285
NOD2,1286
NODAL,1287
NOG,1288
NOS1,1289
NOS2,1290
NOS3,1291
NOTCH1,1292
NOTCH2,1293
NOTCH3,1294
NOTCH4,1295
NOTUM,1296
NOX4,1297
NPPA,1298
NPPB,1299
NPPC,1300
NPR1,1301
NPR2,1302
NPRL2,1303
NPRL3,1304
NPY,1305
NPY1R,1306
NR1H3,1307
NR4A1,1308
NRAS,1309
NRF1,1310
NRG1,1311
NRG2,1312
NRG3,1313
NRG4,1314
NSMAF,1315
NTF3,1316
NTF4,1317
NTRK1,1318
NTRK2,1319
NTRK3,1320
NTSR1,1321
NUMB,1322
NUMBL,1323
OLR1,1324
OPRD1,1325
OPRM1,1326
ORAI1,1327
ORAI2,1328
ORAI3,1329
OSM,1330
OSMR,1331
OXT,1332
OXTR,1333
P2RY1,1334
PAK1,1335
PAK2,1336
PAK4,1337
PAK5,1338
PAK6,1339
PARD3,1340
PARD6A,1341
PARD6B,1342
PARD6G,1343
PCK1,1344
PCK2,1345
PDCD1,1346
PDE10A,1347
PDE1A,1348
PDE1B,1349
PDE1C,1350
PDE3A,1351
PDE3B,1352
PDE4A,1353
PDE4B,1354
PDE4C,1355
PDE4D,1356
PDGFA,1357
PDGFB,1358
PDGFC,1359
PDGFD,1360
PDGFRA,1361
PDGFRB,1362
PDHA2,1363
PDHB,1364
PDK1,1365
PDPK1,1366
PERP,1367
PF4,1368
PF4V1,1369
PFKFB2,1370
PFKFB3,1371
PFKFB4,1372
PFKL,1373
PFKM,1374
PFKP,1375
PFN1,1376
PFN2,1377
PFN3,1378
PFN4,1379
PGAM5,1380
PGF,1381
PGK2,1382
PGR,1383
PHKB,1384
PHKG1,1385
PHKG2,1386
PHLPP1,1387
PHLPP2,1388
PIAS1,1389
PIAS2,1390
PIAS3,1391
PIAS4,1392
PIDD1,1393
PIK3AP1,1394
PIK3C3,1395
PIK3CA,1396
PIK3CB,1397
PIK3CD,1398
PIK3CG,1399
PIK3R1,1400
PIK3R2,1401
PIK3R3,1402
PIK3R4,1403
PIK3R5,1404
PIK3R6,1405
PIM1,1406
PIN1,1407
PITX2,1408
PKLR,1409
PKM,1410
PKN1,1411
PKN2,1412
PKN3,1413
PLA1A,1414
PLA2G10,1415
PLA2G12A,1416
PLA2G12B,1417
PLA2G1B,1418
PLA2G2A,1419
PLA2G2C,1420
PLA2G2D,1421
PLA2G2E,1422
PLA2G2F,1423
PLA2G3,1424
PLA2G4A,1425
PLA2G4B,1426
PLA2G4C,1427
PLA2G4D,1428
PLA2G4E,1429
PLA2G4F,1430
PLA2G5,1431
PLA2G6,1432
PLAT,1433
PLAU,1434
PLCB1,1435
PLCB2,1436
PLCB3,1437
PLCB4,1438
PLCD1,1439
PLCD3,1440
PLCD4,1441
PLCE1,1442
PLCG1,1443
PLCG2,1444
PLCZ1,1445
PLD1,1446
PLD2,1447
PLIN1,1448
PLIN2,1449
PLIN4,1450
PLIN5,1451
PLK1,1452
PLK2,1453
PLK3,1454
PLK4,1455
PLN,1456
PLTP,1457
PMAIP1,1458
POMC,1459
POU5F1,1460
POU5F1B,1461
PPARA,1462
PPARD,1463
PPARG,1464
PPARGC1A,1465
PPBP,1466
PPIF,1467
PPM1A,1468
PPM1B,1469
PPM1D,1470
PPP1CA,1471
PPP1CB,1472
PPP1CC,1473
PPP1R12A,1474
PPP1R12B,1475
PPP1R12C,1476
PPP1R1B,1477
PPP1R3A,1478
PPP1R3B,1479
PPP1R3C,1480
PPP1R3D,1481
PPP1R3E,1482
PPP2CA,1483
PPP2CB,1484
PPP2R1A,1485
PPP2R1B,1486
PPP2R2A,1487
PPP2R2B,1488
PPP2R2C,1489
PPP2R2D,1490
PPP2R3A,1491
PPP2R3C,1492
PPP2R5A,1493
PPP2R5B,1494
PPP2R5C,1495
PPP2R5D,1496
PPP2R5E,1497
PPP3CA,1498
PPP3CB,1499
PPP3CC,1500
PPP3R1,1501
PPP3R2,1502
PPP4C,1503
PPP4R3A,1504
PPP4R3B,1505
PPP5C,1506
PRDM4,1507
PREX1,1508
PRICKLE1,1509
PRICKLE2,1510
PRICKLE4,1511
PRKAA1,1512
PRKAA2,1513
PRKAB1,1514
PRKAB2,1515
PRKACA,1516
PRKACB,1517
PRKACG,1518
PRKAG1,1519
PRKAG2,1520
PRKAG3,1521
PRKAR1A,1522
PRKAR1B,1523
PRKAR2A,1524
PRKAR2B,1525
PRKCA,1526
PRKCB,1527
PRKCD,1528
PRKCE,1529
PRKCG,1530
PRKCI,1531
PRKCQ,1532
PRKCZ,1533
PRKD1,1534
PRKD2,1535
PRKD3,1536
PRKG1,1537
PRKG2,1538
PRL,1539
PRLR,1540
PRMT1,1541
PRR5,1542
PSEN1,1543
PSEN2,1544
PSENEN,1545
PSTPIP1,1546
PTAFR,1547
PTCH1,1548
PTCH2,1549
PTCRA,1550
PTEN,1551
PTGER1,1552
PTGER2,1553
PTGER3,1554
PTGFR,1555
PTGS2,1556
PTK2,1557
PTK2B,1558
PTPN1,1559
PTPN11,1560
PTPN2,1561
PTPN5,1562
PTPN6,1563
PTPN7,1564
PTPRC,1565
PTPRF,1566
PTPRR,1567
PXN,1568
PYCARD,1569
PYDC1,1570
PYDC2,1571
PYGB,1572
PYGL,1573
PYGM,1574
RAB10,1575
RAB11B,1576
RAB14,1577
RAB2A,1578
RAB5A,1579
RAB5B,1580
RAB5C,1581
RAB8A,1582
RAC1,1583
RAC2,1584
RAC3,1585
RAF1,1586
RAG1,1587
RAG2,1588
RALA,1589
RALB,1590
RALBP1,1591
RALGDS,1592
RAP1A,1593
RAP1B,1594
RAP1GAP,1595
RAPGEF1,1596
RAPGEF2,1597
RAPGEF3,1598
RAPGEF4,1599
RAPGEF5,1600
RAPGEF6,1601
RARA,1602
RASA1,1603
RASA2,1604
RASA3,1605
RASA4,1606
RASAL1,1607
RASAL2,1608
RASAL3,1609
RASGRF1,1610
RASGRF2,1611
RASGRP1,1612
RASGRP2,1613
RASGRP3,1614
RASGRP4,1615
RASSF1,1616
RASSF2,1617
RASSF4,1618
RASSF5,1619
RASSF6,1620
RBCK1,1621
RBL1,1622
RBL2,1623
RBPJ,1624
RBPJL,1625
RBX1,1626
RCAN1,1627
RCAN2,1628
RCHY1,1629
REL,1630
RELA,1631
RELB,1632
RELN,1633
RET,1634
RFNG,1635
RGL1,1636
RGL2,1637
RGMA,1638
RGMB,1639
RGS14,1640
RGS2,1641
RHEB,1642
RHOA,1643
RHOQ,1644
RICTOR,1645
RIN1,1646
RIPK1,1647
RIPK2,1648
RIPK3,1649
RLN1,1650
RLN2,1651
RLN3,1652
RNASEL,1653
RNF125,1654
RNF152,1655
RNF31,1656
RNF43,1657
ROCK1,1658
ROCK2,1659
ROR1,1660
ROR2,1661
RPRM,1662
RPS6,1663
RPS6KA1,1664
RPS6KA2,1665
RPS6KA4,1666
RPS6KA5,1667
RPS6KB1,1668
RPS6KB2,1669
RPTOR,1670
RRAGA,1671
RRAGC,1672
RRAGD,1673
RRAS,1674
RRAS2,1675
RRM2,1676
RRM2B,1677
RSPO1,1678
RSPO2,1679
RSPO3,1680
RSPO4,1681
RUVBL1,1682
RXFP1,1683
RXFP2,1684
RXFP3,1685
RXFP4,1686
RXRA,1687
RXRB,1688
RXRG,1689
RYK,1690
RYR1,1691
RYR2,1692
RYR3,1693
S100A7,1694
S100A7A,1695
S100A8,1696
S100A9,1697
S1PR1,1698
S1PR2,1699
S1PR3,1700
S1PR4,1701
S1PR5,1702
SAV1,1703
SCD,1704
SCD5,1705
SCP2,1706
SCRIB,1707
SEC13,1708
SEH1L,1709
SELE,1710
SENP2,1711
SERPINB5,1712
SERPINE1,1713
SERPINF1,1714
SESN1,1715
SESN2,1716
SESN3,1717
SETD7,1718
SFN,1719
SFRP1,1720
SFRP2,1721
SFRP4,1722
SFRP5,1723
SGK1,1724
SGK2,1725
SGK3,1726
SH2B1,1727
SH2B2,1728
SH2B3,1729
SH2D2A,1730
SHARPIN,1731
SHC1,1732
SHC2,1733
SHC3,1734
SHC4,1735
SHH,1736
SHISA5,1737
SHOC2,1738
SIAH1,1739
SIK1,1740
SIK2,1741
SIKE1,1742
SIN3A,1743
SIPA1,1744
SIPA1L1,1745
SIPA1L2,1746
SIVA1,1747
SKAP1,1748
SKP1,1749
SKP2,1750
SLC25A31,1751
SLC25A4,1752
SLC27A1,1753
SLC27A4,1754
SLC2A1,1755
SLC2A2,1756
SLC2A4,1757
SLC38A9,1758
SLC3A2,1759
SLC7A5,1760
SLC8A1,1761
SLC8A2,1762
SLC8A3,1763
SLC9A1,1764
SMAD1,1765
SMAD2,1766
SMAD3,1767
SMAD4,1768
SMAD5,1769
SMAD6,1770
SMAD7,1771
SMAD9,1772
SMO,1773
SMPD2,1774
SMURF1,1775
SMURF2,1776
SNAI2,1777
SNW1,1778
SOCS1,1779
SOCS2,1780
SOCS3,1781
SOCS4,1782
SOCS5,1783
SOCS6,1784
SOCS7,1785
SOD2,1786
SORBS1,1787
SORT1,1788
SOS1,1789
SOS2,1790
SOST,1791
SOX17,1792
SOX2,1793
SOX9,1794
SP1,1795
SPHK1,1796
SPHK2,1797
SPOP,1798
SPOPL,1799
SPP1,1800
SRC,1801
SREBF1,1802
SRF,1803
SRSF1,1804
SST,1805
SSTR1,1806
SSTR2,1807
SSTR5,1808
STAM,1809
STAM2,1810
STAT1,1811
STAT2,1812
STAT3,1813
STAT4,1814
STAT5A,1815
STAT5B,1816
STAT6,1817
STEAP3,1818
STIM1,1819
STIM2,1820
STK11,1821
STK3,1822
STK4,1823
STMN1,1824
STRADA,1825
STRADB,1826
SUCNR1,1827
SUFU,1828
SUGT1,1829
SYK,1830
SYNGAP1,1831
TAB1,1832
TAB2,1833
TACR1,1834
TACR2,1835
TACR3,1836
TANK,1837
TAOK1,1838
TAOK2,1839
TAOK3,1840
TBC1D1,1841
TBC1D4,1842
TBC1D7,1843
TBK1,1844
TBKBP1,1845
TBL1XR1,1846
TBX3,1847
TBXA2R,1848
TCF3,1849
TCF7,1850
TCF7L1,1851
TCF7L2,1852
TCL1A,1853
TCL1B,1854
TEAD1,1855
TEAD2,1856
TEAD3,1857
TEAD4,1858
TEC,1859
TEK,1860
TELO2,1861
TF,1862
TFAM,1863
TFDP1,1864
TFF1,1865
TFRC,1866
TGFA,1867
TGFB1,1868
TGFB2,1869
TGFB3,1870
TGFBR1,1871
TGFBR2,1872
TGIF1,1873
TGIF2,1874
TH,1875
THBD,1876
THBS1,1877
THBS2,1878
THBS3,1879
THBS4,1880
THEM4,1881
THPO,1882
THRA,1883
THRB,1884
TIAM1,1885
TICAM1,1886
TICAM2,1887
TIRAP,1888
TKFC,1889
TLE1,1890
TLE2,1891
TLE3,1892
TLE4,1893
TLE6,1894
TLN1,1895
TLN2,1896
TLR1,1897
TLR2,1898
TLR3,1899
TLR4,1900
TLR5,1901
TLR6,1902
TLR9,1903
TNC,1904
TNF,1905
TNFAIP3,1906
TNFRSF10A,1907
TNFRSF10B,1908
TNFRSF11A,1909
TNFRSF13C,1910
TNFRSF1A,1911
TNFRSF1B,1912
TNFSF10,1913
TNFSF11,1914
TNFSF13B,1915
TNFSF14,1916
TNN,1917
TNNI3,1918
TNR,1919
TNXB,1920
TOLLIP,1921
TP53,1922
TP53AIP1,1923
TP53BP1,1924
TP53BP2,1925
TP53I3,1926
TP73,1927
TRADD,1928
TRAF1,1929
TRAF2,1930
TRAF3,1931
TRAF3IP2,1932
TRAF4,1933
TRAF5,1934
TRAF6,1935
TRDN,1936
TRHR,1937
TRIM25,1938
TRIP10,1939
TRIP6,1940
TRPC6,1941
TSC1,1942
TSC2,1943
TSHB,1944
TSHR,1945
TSLP,1946
TTI1,1947
TXN,1948
TXN2,1949
TXNIP,1950
TYK2,1951
UBC,1952
UCP1,1953
ULK1,1954
ULK2,1955
USP25,1956
USP7,1957
VANGL1,1958
VANGL2,1959
VASP,1960
VAV1,1961
VAV2,1962
VAV3,1963
VCAM1,1964
VDAC1,1965
VDAC2,1966
VDAC3,1967
VEGFA,1968
VEGFB,1969
VEGFC,1970
VHL,1971
VIP,1972
VIPR2,1973
VTN,1974
VWF,1975
WDR24,1976
WDR59,1977
WIF1,1978
WNT1,1979
WNT10A,1980
WNT10B,1981
WNT11,1982
WNT16,1983
WNT2,1984
WNT2B,1985
WNT3,1986
WNT3A,1987
WNT4,1988
WNT5A,1989
WNT5B,1990
WNT6,1991
WNT7A,1992
WNT7B,1993
WNT8A,1994
WNT8B,1995
WNT9A,1996
WNT9B,1997
WTIP,1998
WWC1,1999
WWTR1,2000
XCL1,2001
XCL2,2002
XCR1,2003
YAP1,2004
YWHAB,2005
YWHAE,2006
YWHAG,2007
YWHAH,2008
YWHAQ,2009
YWHAZ,2010
ZAP70,2011
ZFYVE16,2012
ZFYVE9,2013
ZMAT3,2014
ZNF274,2015
ZNRF3,2016
